"component","origin","license","copyright"
"@colors/colors","@colors/colors","['MIT']","[' Copyright (c) Marak Squires', ' Copyright (c) Sindre Sorhus <sindresorhus@gmail.com> (sindresorhus.com)', 'Copyright (c) DABH (https://github.com/DABH)']"
"@dabh/diagnostics","@dabh/diagnostics","['MIT']","[' Martijn Swaagman', 'Copyright (c) 2015 Arnout Kazemier']"
"@datadog/libdatadog","@datadog/libdatadog","[]","[]"
"@datadog/native-appsec","@datadog/native-appsec","[]","[]"
"@datadog/native-iast-taint-tracking","@datadog/native-iast-taint-tracking","['Apache-2.0 AND BSD-3-Clause AND MIT']","[' (c) 2015 Michael Allen', ' (c) 2015-2019 Dave Dopson', ' (c) 2017 Node.js', ' (c) 2018 NAN contributors', ' Copyright (c) 2007', ' Copyright (c) 2019 Kenneth Geisshirt', ' Copyright 2018 Datadog', ' Copyright 2022 Datadog', ' Inc.', ' James Grenning and Bas Vodde', ' Michael Feathers', '(c) 2011-2021 OpenJS Foundation and contributors']"
"@datadog/native-metrics","@datadog/native-metrics","['Apache-2.0 AND MIT']","[' Inc.', 'Copyright 2018 Datadog']"
"@datadog/pprof","@datadog/pprof","[]","[]"
"@datadog/sketches-js","@datadog/sketches-js","['Apache-2.0']","[' Inc.', 'Copyright 2020 Datadog']"
"@datadog/wasm-js-rewriter","@datadog/wasm-js-rewriter","['Apache-2.0']","[]"
"@isaacs/ttlcache","@isaacs/ttlcache","['ISC']","['Copyright (c) 2022-2023 - Isaac Z. Schlueter and Contributors']"
"@jsep-plugin/assignment","@jsep-plugin/assignment","['MIT']","[' https://ericsmekens.github.io/jsep', 'Copyright (c) 2013 Stephen Oney']"
"@jsep-plugin/regex","@jsep-plugin/regex","['MIT']","[' https://ericsmekens.github.io/jsep', 'Copyright (c) 2013 Stephen Oney']"
"@opentelemetry/api","@opentelemetry/api","['Apache-2.0']","[]"
"@opentelemetry/core","@opentelemetry/core","['Apache-2.0']","[]"
"@opentelemetry/semantic-conventions","@opentelemetry/semantic-conventions","['Apache-2.0']","[]"
"@protobufjs/aspromise","@protobufjs/aspromise","['BSD-3-Clause']","[' Daniel Wirtz', 'Copyright (c) 2016']"
"@protobufjs/base64","@protobufjs/base64","['BSD-3-Clause']","[' Daniel Wirtz', 'Copyright (c) 2016']"
"@protobufjs/codegen","@protobufjs/codegen","['BSD-3-Clause']","[' Daniel Wirtz', 'Copyright (c) 2016']"
"@protobufjs/eventemitter","@protobufjs/eventemitter","['BSD-3-Clause']","[' Daniel Wirtz', 'Copyright (c) 2016']"
"@protobufjs/fetch","@protobufjs/fetch","['BSD-3-Clause']","[' Daniel Wirtz', 'Copyright (c) 2016']"
"@protobufjs/float","@protobufjs/float","['BSD-3-Clause']","[' Daniel Wirtz', 'Copyright (c) 2016']"
"@protobufjs/inquire","@protobufjs/inquire","['BSD-3-Clause']","[' Daniel Wirtz', 'Copyright (c) 2016']"
"@protobufjs/path","@protobufjs/path","['BSD-3-Clause']","[' Daniel Wirtz', 'Copyright (c) 2016']"
"@protobufjs/pool","@protobufjs/pool","['BSD-3-Clause']","[' Daniel Wirtz', 'Copyright (c) 2016']"
"@protobufjs/utf8","@protobufjs/utf8","['BSD-3-Clause']","[' Daniel Wirtz', 'Copyright (c) 2016']"
"@types/node","@types/node","['MIT']","[' Copyright Node.js contributors', 'Copyright (c) Microsoft Corporation']"
"@types/triple-beam","@types/triple-beam","['MIT']","['Copyright (c) Microsoft Corporation']"
"Datadog.Trace.Bundle","Datadog.Trace.Bundle","['Apache-2.0']","[' Copyright (c) 1996-2024 the UPX Team', ' Copyright 2017 Datadog', ' Copyright 2020 Datadog', ' Inc.', ' Inc. Datadog APM', ' Inc. Instrumentation', ' Inc. OriginalFilename Datadog.Trace.ClrProfiler.Managed.Loader.dll', ' Inc. OriginalFilename Datadog.Trace.MSBuild.dll', ' Inc. OriginalFilename Datadog.Trace.dll', ' Inc. OriginalFilename Datadog.Tracer.Native.DLL', '(c) Datadog 2020-2022']"
"Serilog.AspNetCore","Serilog.AspNetCore","['Apache-2.0']","[]"
"accepts","accepts","['MIT']","[' Copyright (c) 2014 Jonathan Ong <me@jongleberry.com>', ' Copyright (c) 2015 Douglas Christopher Wilson', ' Copyright (c) 2015 Douglas Christopher Wilson <doug@somethingdoug.com>', 'Copyright (c) 2014 Jonathan Ong']"
"acorn","acorn","['MIT']","['Copyright (c) 2012-2022 by various contributors']"
"acorn-import-attributes","acorn-import-attributes","['MIT']","['Copyright (c) 2023 Sven Sauleau']"
"argparse","argparse","['Python-2.0']","[' 2002', ' 2003', ' 2003 Python Software Foundation', ' 2004', ' 2005', ' 2006', ' 2007', ' 2008', ' 2009', ' 2010', ' 2011', ' 2012', ' 2013', ' 2014', ' 2015', ' 2016', ' 2017', ' 2018', ' 2019', ' 2020 Python Software Foundation', ' Copyright (c) 1995-2001 Corporation for National Research Initiatives', ' Copyright (c) 1999-2001 Gregory P. Ward', ' Copyright (c) 2001', ' Copyright (c) 2002', ' Copyright (c) 2010-2020 Python Software Foundation', ' Copyright (c) 2020 argparse.js authors', ' Stichting Mathematisch Centrum Amsterdam', ' The Netherlands', 'Copyright (c) 1991 - 1995']"
"array-flatten","array-flatten","['MIT']","['Copyright (c) 2014 Blake Embrey (hello@blakeembrey.com)']"
"async","async","['MIT']","['Copyright (c) 2010-2018 Caolan McMahon']"
"base64","base64","[]","['Copyright (c) 1993-2013 Yukihiro Matsumoto']"
"body-parser","body-parser","['MIT']","[' Copyright (c) 2014 Jonathan Ong <me@jongleberry.com>', ' Copyright (c) 2014-2015 Douglas Christopher Wilson', ' Copyright (c) 2014-2015 Douglas Christopher Wilson <doug@somethingdoug.com>', 'Copyright (c) 2014 Jonathan Ong']"
"bytes","bytes","['MIT']","[' Copyright (c) 2012-2014 TJ Holowaychuk <tj@vision-media.ca>', ' Copyright (c) 2015 Jed Watson', ' Copyright (c) 2015 Jed Watson <jed.watson@me.com>', 'Copyright (c) 2012-2014 TJ Holowaychuk']"
"call-bind-apply-helpers","call-bind-apply-helpers","['MIT']","['Copyright (c) 2024 Jordan Harband']"
"call-bound","call-bound","['MIT']","['Copyright (c) 2024 Jordan Harband']"
"cjs-module-lexer","cjs-module-lexer","['MIT']","[' Copyright (c) 2018-2020 Guy Bedford', 'Copyright (c) 2012-2018 by various contributors']"
"color","color","['MIT']","['Copyright (c) 2012 Heather Arthur']"
"color-convert","color-convert","['MIT']","[' Copyright (c) 2011-2016', ' Heather Arthur and Josh Junon', ' Heather Arthur and Josh Junon.', 'Copyright (c) 2011-2016 Heather Arthur <fayearthur@gmail.com>']"
"color-name","color-name","['MIT']","['Copyright (c) 2015 Dmitry Ivanov']"
"color-string","color-string","['MIT']","['Copyright (c) 2011 Heather Arthur <fayearthur@gmail.com>']"
"colorspace","colorspace","['MIT']","[' Martijn Swaagman', 'Copyright (c) 2015 Arnout Kazemier']"
"com.datadoghq:dd-trace-api","com.datadoghq:dd-trace-api","[]","[]"
"com.github.DataDog/serverless-gcp-sample-apps","git+https://github.com/DataDog/serverless-gcp-sample-apps","['Apache-2.0']","['Datadog, Inc.']"
"content-disposition","content-disposition","['MIT']","['Copyright (c) 2014-2017 Douglas Christopher Wilson']"
"content-type","content-type","['MIT']","['Copyright (c) 2015 Douglas Christopher Wilson']"
"cookie","cookie","['MIT']","[' Copyright (c) 2012-2014 Roman Shtylman <shtylman@gmail.com>', ' Copyright (c) 2015 Douglas Christopher Wilson', ' Copyright (c) 2015 Douglas Christopher Wilson <doug@somethingdoug.com>', 'Copyright (c) 2012-2014 Roman Shtylman']"
"cookie-signature","cookie-signature","['MIT']","['Copyright (c) 2012 LearnBoost <tj@learnboost.com>']"
"crypto-randomuuid","crypto-randomuuid","['MIT']","[]"
"datadog","datadog","['Apache-2.0 AND BSD-2-Clause AND BSD-3-Clause']","[' Copyright (c) 2015-Present Datadog', ' Copyright 2015-Present Datadog', ' Copyright 2021-Present Datadog', ' Inc', ' Inc <opensource@datadoghq.com>', ' Michele Simionato', '(c) 2005-2018']"
"datadog-ruby_core_source","datadog-ruby_core_source","['MIT']","[' 1989', ' 1990', ' 1993', ' 1993 The Regents of the University of California', ' 1994', ' 1995', ' 1995-1997 Eric P. Allman', ' 1996', ' 1997', ' 1998', ' 1998 by Gurusamy Sarathy <gsar@umich.edu> and Jan Dubois <jan.dubois@ibm.net>', ' 1999 Free Software Foundation', ' 2000', ' 2000 Aladdin Enterprises', ' 2001', ' 2001 by Lucent Technologies', ' 2002', ' 2003', ' 2004', ' 2005', ' 2006 Free Software Foundation', ' 93', ' 94', ' 95', ' 96 Free Software Foundation', ' Copyright (c) 1983', ' Copyright (c) 1984', ' Copyright (c) 1987', ' Copyright (c) 1988', ' Copyright (c) 1989', ' Copyright (c) 1990', ' Copyright (c) 1991', ' Copyright (c) 1992', ' Copyright (c) 1993', ' Copyright (c) 1993-2007 Yukihiro Matsumoto', ' Copyright (c) 1995', ' Copyright (c) 1997', ' Copyright (c) 1997 - 2002', ' Copyright (c) 1998 Todd C. Miller <Todd.Miller@courtesan.com>', ' Copyright (c) 1999', ' Copyright (c) 2004-2007 Koichi Sasada', ' Copyright (c) 2004-2008 David Schultz <das@FreeBSD.ORG>', ' Copyright (c) 2004-2008 Koichi Sasada', ' Copyright (c) 2007 Koichi Sasada', ' Copyright (c) 2009 Koichi Sasada', ' Copyright (c) 2011 Yukihiro Matsumoto', ' Copyright (c) 2011 Yukihiro Matsumoto @copyright', ' Copyright (c) 2012 Gabriel Horner', ' Copyright (c) Katholieke Universiteit Leuven 1996', ' Copyright 2000 Aaron D. Gifford', ' Copyright 2003 Damien Miller', ' Fujitsu LTD. Itaru', ' Inc.', ' Intergraph Corporation', ' Makoto Matsumoto and Takuji Nishimura', ' Oniguruma -- (c) K.Kosako', ' and 1999 WIDE Project', '(c) 1995 Microsoft Corporation']"
"dc-polyfill","dc-polyfill","[]","[]"
"dd-trace","dd-trace","[]","[]"
"ddtrace","ddtrace","['(Apache-2.0 AND BSD-2-Clause) OR (BSD-2-Clause AND BSD-3-Clause)']","[' (c) William Swanson', ' 2007 Montel Laurent', ' 2009 Gael Guennebaud', ' <g.gael@free.fr>', ' <montel@kde.org>', ' Arnon Yaari', ' Copyright (c) 2001-2018 David M. Beazley (Dabeaz LLC)', ' Copyright (c) 2006', ' Copyright (c) 2008', ' Copyright (c) 2008-2010 FURUHASHI Sadayuki', ' Copyright (c) 2009', ' Copyright (c) 2009 Benoit Jacob <jacob.benoit.1@gmail.com>', ' Copyright (c) 2009 Naoki INADA', ' Copyright (c) 2015', ' Copyright (c) 2015 Wenzel Jakob <wenzel@inf.ethz.ch>', ' Copyright (c) 2015 Yahoo! Inc.', ' Copyright (c) 2016', ' Copyright (c) 2016 Klemens Morgenstern <klemens.morgenstern@ed-chemnitz.de> and Wenzel Jakob <wenzel.jakob@epfl.ch>', ' Copyright (c) 2016 Sergey Lyskov and Wenzel Jakob', ' Copyright (c) 2016 Trent Houliston <trent@houliston.me> and Wenzel Jakob <wenzel.jakob@epfl.ch>', ' Copyright (c) 2016 Wenzel Jakob <wenzel.jakob@epfl.ch>', ' Copyright (c) 2017', ' Copyright (c) 2017 Henry F. Schreiner', ' Copyright (c) 2017 Jason Rhinelander <jason@imaginary.ca>', ' Copyright (c) 2017 Nikola Kantar', ' Copyright (c) 2017 Wenzel Jakob <wenzel.jakob@epfl.ch>', ' Copyright (c) 2019-2020 Steve Dignam', ' Copyright (c) 2020', ' Copyright (c) 2020 Harry Marr', ' Copyright (c) 2020 Wenzel Jakob <wenzel.jakob@epfl.ch>', ' Copyright (c) 2020 Wenzel Jakob <wenzel@inf.ethz.ch> and Henry Schreiner', ' Copyright (c) 2021 The Pybind Development Team', ' Copyright (c) 2023 Dustin Spicuzza <dustin@virtualroadside.com>', ' Copyright (c) 2023 The pybind Community', ' Copyright (c) Django Software Foundation and individual contributors', ' Copyright 2001-2009 Kitware', ' Copyright 2012 Continuum Analytics', ' Copyright 2014 Hewlett-Packard Development Company', ' Copyright 2015-Present Datadog', ' Copyright 2016 Datadog', ' Copyright 2016 Google Inc.', ' Copyright 2016-Present Datadog', ' Copyright 2020 Jan Tojnar', ' Copyright 2020 Jan Tojnar https://github.com/jtojnar/cmake-snips', ' Copyright 2022 Google LLC', ' Datadog', ' Datadog <info@datadoghq.com>', ' Giampaolo', ' Giampaolo Rodola', ' Giampaolo Rodola Jeff Tang', ' Giampaolo Rodola Landry Breuil', ' Giampaolo Rodola Landry Breuil (OpenBSD)', ' Giampaolo Rodola Oleksii Shevchuk', ' Inc', ' Inc.', ' Jay Loden', ' L.P.', ' Paul Fultz', ' Ryo ONODERA.', ' copyright 2016-', '(c) 2024 GitHub', '\xa0 Inc.']"
"debug","debug","['MIT']","[' Copyright (c) 2014-2016 TJ Holowaychuk <tj@vision-media.ca>', 'Copyright (c) 2014 TJ Holowaychuk <tj@vision-media.ca>']"
"delay","delay","['MIT']","['Copyright (c) Sindre Sorhus <sindresorhus@gmail.com> (https://sindresorhus.com)']"
"depd","depd","['MIT']","[' Copyright (c) 2015 Douglas Christopher Wilson', 'Copyright (c) 2014-2018 Douglas Christopher Wilson']"
"destroy","destroy","['MIT']","[' Copyright (c) 2014 Jonathan Ong me@jongleberry.com', ' Copyright (c) 2015-2022 Douglas Christopher Wilson', ' Copyright (c) 2015-2022 Douglas Christopher Wilson doug@somethingdoug.com', 'Copyright (c) 2014 Jonathan Ong']"
"detect-newline","detect-newline","['MIT']","[' Copyright (c) Sindre Sorhus <sindresorhus@gmail.com> (sindresorhus.com)', '(c) Sindre Sorhus (https://sindresorhus.com)']"
"dunder-proto","dunder-proto","['MIT']","['Copyright (c) 2024 ECMAScript Shims']"
"ee-first","ee-first","['MIT']","[' Copyright (c) 2014 Jonathan Ong me@jongleberry.com', 'Copyright (c) 2014 Jonathan Ong']"
"enabled","enabled","['MIT']","[' Martijn Swaagman', 'Copyright (c) 2015 Arnout Kazemier']"
"encodeurl","encodeurl","['MIT']","['Copyright (c) 2016 Douglas Christopher Wilson']"
"es-define-property","es-define-property","['MIT']","['Copyright (c) 2024 Jordan Harband']"
"es-errors","es-errors","['MIT']","['Copyright (c) 2024 Jordan Harband']"
"es-object-atoms","es-object-atoms","['MIT']","['Copyright (c) 2024 Jordan Harband']"
"escape-html","escape-html","['MIT']","[' Copyright (c) 2015 Andreas Lubbe', ' Copyright (c) 2015 Tiancheng Timothy Gu', 'Copyright (c) 2012-2013 TJ Holowaychuk']"
"etag","etag","['MIT']","['Copyright (c) 2014-2016 Douglas Christopher Wilson']"
"express","express","['MIT']","[' Copyright (c) 2009-2014 TJ Holowaychuk <tj@vision-media.ca>', ' Copyright (c) 2013 Roman Shtylman', ' Copyright (c) 2013-2014 Roman Shtylman <shtylman+expressjs@gmail.com>', ' Copyright (c) 2014-2015 Douglas Christopher Wilson', ' Copyright (c) 2014-2015 Douglas Christopher Wilson <doug@somethingdoug.com>', 'Copyright (c) 2009-2013 TJ Holowaychuk']"
"fast-fifo","fast-fifo","['MIT']","['Copyright (c) 2019 Mathias Buus']"
"fecha","fecha","['MIT']","['Copyright (c) 2015 Taylor Hakes']"
"ffi","ffi","['BSD-3-Clause AND MIT']","[' (c) 2005-2022 John David Anglin <dave.anglin@bell.net>', ' (c) 2006 Free Software Foundation', ' (c) 2008 Red Hat', ' (c) 2011 Anthony Green', ' (c) 2022 John David Anglin <dave.anglin@bell.net>', ' 1991 Free Software Foundation', ' 1997', ' 1998', ' 1998-2017', ' 1999', ' 2001', ' 2003', ' 2003-2004', ' 2004', ' 2005', ' 2005 Red Hat', ' 2006', ' 2007', ' 2007 Bo Thorsen <bo@suse.de>', ' 2007 Free Software Foundation', ' 2007 Red Hat', ' 2007 Software AG', ' 2007-2008 Red Hat', ' 2008', ' 2008 Evan Phoenix', ' 2008 Free Software Foundation', ' 2008 Kaz Kojima', ' 2008 Red Hat', ' 2009', ' 2009 Andrea Fazzi', ' 2009 Free Software Foundation', ' 2009 Luc Heinrich', ' 2009 Wayne Meissner', ' 2009-2017 Free Software Foundation', ' 2010', ' 2010 Free Software Foundation', ' 2010 Red Hat', ' 2010 Wayne Meissner', ' 2011', ' 2011 Red Hat', ' 2012', ' 2012 ARM Ltd.', ' 2012 Andreas Schwab', ' 2012 Kaz Kojima', ' 2012 Red Hat', ' 2013', ' 2013 Anthony Green', ' 2013 Xilinx', ' 2014', ' 2014 Anthony Green', ' 2014 Free Software Foundation', ' 2014 Red Hat', ' 2016 Thorsten Glaser', ' 2017', ' 2018', ' 2018 Anthony Green', ' 2018 Free Software Foundation', ' 2019', ' 2019 Free Software Foundation', ' 2020 MetaStack Solutions Ltd.', ' 2020-2021 Free Software Foundation', ' 2021', ' 2021 Anthony Green', ' 2021 Bootstrap Authors', ' 2021-2022 Free Software Foundation', ' 2022', ' 2022 Anthony Green', ' 2022 Free Software Foundation', ' 2024 Anthony Green', ' 2024 Red Hat', ' 2025 Anthony Green', ' Aman Gupta', ' Brion Vibber', ' Copyright (c) 1989', ' Copyright (c) 1992-1996', ' Copyright (c) 1994 X Consortium', ' Copyright (c) 1994-2021 Free Software Foundation', ' Copyright (c) 1996', ' Copyright (c) 1996 Red Hat', ' Copyright (c) 1996-2003', ' Copyright (c) 1996-2003 Red Hat', ' Copyright (c) 1996-2004 Red Hat', ' Copyright (c) 1996-2011 Anthony Green', ' Copyright (c) 1996-2019', ' Copyright (c) 1996-2021 Free Software Foundation', ' Copyright (c) 1996-2024 Anthony Green', ' Copyright (c) 1998', ' Copyright (c) 1998 Cygnus Solutions', ' Copyright (c) 1998 Geoffrey Keating', ' Copyright (c) 1999', ' Copyright (c) 1999-2018 Free Software Foundation', ' Copyright (c) 1999-2021 Free Software Foundation', ' Copyright (c) 2000', ' Copyright (c) 2000 Hewlett Packard Company', ' Copyright (c) 2000 John Hornkvist', ' Copyright (c) 2000 Software AG', ' Copyright (c) 2001 John Hornkvist', ' Copyright (c) 2002', ' Copyright (c) 2002 Bo Thorsen', ' Copyright (c) 2002 Bo Thorsen <bo@suse.de>', ' Copyright (c) 2002 Ranjit Mathew', ' Copyright (c) 2002 Roger Sayle', ' Copyright (c) 2002-2008', ' Copyright (c) 2003', ' Copyright (c) 2003 Jakub Jelinek <jakub@redhat.com>', ' Copyright (c) 2003-2004', ' Copyright (c) 2004', ' Copyright (c) 2004 Anthony Green', ' Copyright (c) 2004 Renesas Technology', ' Copyright (c) 2004 Simon Posnjak', ' Copyright (c) 2004-2019', ' Copyright (c) 2005 Axis Communications AB', ' Copyright (c) 2005 Free Software Foundation', ' Copyright (c) 2006 Free Software Foundation', ' Copyright (c) 2007', ' Copyright (c) 2007 Free Software Foundation', ' Copyright (c) 2008', ' Copyright (c) 2008 Anthony Green', ' Copyright (c) 2008 David Daney', ' Copyright (c) 2008 Free Software Foundation', ' Copyright (c) 2008 Guido U. Draheim <guidod@gmx.de>', ' Copyright (c) 2008 Luc Heinrich <luc@honk-honk.com>', ' Copyright (c) 2008 Matteo Frigo', ' Copyright (c) 2008 Mike Dalessio', ' Copyright (c) 2008 Red Hat', ' Copyright (c) 2008 Steven G. Johnson <stevenj@alum.mit.edu>', ' Copyright (c) 2008-2010 JRuby project', ' Copyright (c) 2008-2010 Wayne Meissner', ' Copyright (c) 2008-2012 Ruby-FFI contributors', ' Copyright (c) 2008-2013', ' Copyright (c) 2008-2016', ' Copyright (c) 2009', ' Copyright (c) 2009 Alan Jenkins <alan-jenkins@tuffmail.co.uk>', ' Copyright (c) 2009 Aman Gupta <aman@tmm1.net>', ' Copyright (c) 2009 Andrea Fazzi <andrea.fazzi@alcacoop.it>', ' Copyright (c) 2009 Bradley Smith <brad@brad-smith.co.uk>', ' Copyright (c) 2009 Guido U. Draheim <guidod@gmx.de>', ' Copyright (c) 2009 Jake Douglas <jake@shiftedlabs.com>', ' Copyright (c) 2009 Luc Heinrich', ' Copyright (c) 2009 Luc Heinrich <luc@honk-honk.com>', ' Copyright (c) 2009 the Initial Developer', ' Copyright (c) 2009-2011 Wayne Meissner', ' Copyright (c) 2010', ' Copyright (c) 2010 CodeSourcery', ' Copyright (c) 2010 Free Software Foundation', ' Copyright (c) 2010 Rhys Ulerich <rhys.ulerich@gmail.com>', ' Copyright (c) 2010 Wayne Meissner', ' Copyright (c) 2010-2018 Free Software Foundation', ' Copyright (c) 2010-2019', ' Copyright (c) 2011', ' Copyright (c) 2011 Anthony Green', ' Copyright (c) 2011 Free Software Foundation', ' Copyright (c) 2011 Kyle Moffett', ' Copyright (c) 2011 Maarten Bosmans <mkbosmans@gmail.com>', ' Copyright (c) 2011 Plausible Labs Cooperative', ' Copyright (c) 2011 Tilera Corp.', ' Copyright (c) 2011 Timothy Wall', ' Copyright (c) 2012', ' Copyright (c) 2012 Alan Hourihane', ' Copyright (c) 2012 Alexandre K. I. de Mendonca <alexandre.keunecke@gmail.com>', ' Copyright (c) 2012 Alexandre K. I. de Mendonca <alexandre.keunecke@gmail.com> ', ' Copyright (c) 2012 Anthony Green', ' Copyright (c) 2012 Tilera Corp.', ' Copyright (c) 2013 IBM', ' Copyright (c) 2013 Imagination Technologies', ' Copyright (c) 2013 Imagination Technologies Ltd.', ' Copyright (c) 2013 Miodrag Vallat. <miod@openbsd.org>', ' Copyright (c) 2013 Synopsys', ' Copyright (c) 2013 Synposys', ' Copyright (c) 2013 Tensilica', ' Copyright (c) 2013 The', ' Copyright (c) 2014 Free Software Foundation', ' Copyright (c) 2014 Mike Frysinger <vapier@gentoo.org>', ' Copyright (c) 2014 Red Hat', ' Copyright (c) 2014 Sebastian Macke <sebastian@macke.de>', ' Copyright (c) 2014 Tsukasa Oi', "" Copyright (c) 2015 Michael Knyszek <mknyszek@berkeley.edu> 2015 Andrew Waterman <waterman@cs.berkeley.edu> 2018 Stef O'Rear <sorear2@gmail.com>"", ' Copyright (c) 2015 Michael Petch <mpetch@capp-sysware.com>', ' Copyright (c) 2016', ' Copyright (c) 2017', ' Copyright (c) 2017 Anthony Green', ' Copyright (c) 2017-2018 Alexey Kopytov', ' Copyright (c) 2018 Anthony Green', ' Copyright (c) 2018 John Zaitseff <J.Zaitseff@zap.org.au>', ' Copyright (c) 2018-19 John Zaitseff <J.Zaitseff@zap.org.au>', ' Copyright (c) 2018-2023 Hood Chatham', ' Copyright (c) 2019', ' Copyright (c) 2019 Anthony Green', ' Copyright (c) 2019 Microsoft Corporation', ' Copyright (c) 2020 Kalray', ' Copyright (c) 2020 Lars Kanis', ' Copyright (c) 2020 Madhavan T. Venkataraman', ' Copyright (c) 2021 Anthony Green', ' Copyright (c) 2021 Free Software Foundation', ' Copyright (c) 2021 Microsoft', ' Copyright (c) 2022 Anthony Green', ' Copyright (c) 2022 Oracle and/or its affiliates', ' Copyright (c) 2022 Xu Chenghua <xuchenghua@loongson.cn> 2022 Cheng Lulu <chenglulu@loongson.cn>', ' Copyright (c) 2023 Lars Kanis', ' Copyright (c) 2023-2023 Lars Kanis', ' Copyright 1992-2024 Free Software Foundation', ' Copyright 1993 Bill Triggs <Bill.Triggs@inrialpes.fr>', ' Copyright 1995-2017 Bruno Haible <bruno@clisp.org>', ' Copyright 2008-2024 Anthony Green and Red Hat', ' Free Software Foundation', ' Inc', ' Inc and others', ' Inc.', ' Inc. (www.synopsys.com)', ' Kleis Auke Wolthuizen', ' Luc Heinrich', ' Luc Heinrich <luc@honk-honk.com>', ' Mike Dalessio <mike.dalessio@gmail.com>', ' Paulo Pizarro <paulo.pizarro@gmail.com>', ' Red Hat', ' Ruby FFI project contributors', ' Wayne Meissner', ' and others', ' copyrighted by the Free Software Foundation', '(c) 2003-2004 Randolph Chung <tausq@debian.org>', '1998', '2001-2003', '2005', '2008', '2010 Red Hat']"
"finalhandler","finalhandler","['MIT']","[' Copyright (c) 2014-2022 Douglas Christopher Wilson <doug@somethingdoug.com>', 'Copyright (c) 2014-2022 Douglas Christopher Wilson']"
"flask","flask","['BSD-3-Clause']","[' Copyright (c) 2015 CERN.', ' Copyright 2010 Pallets', ' copyright 2010 Pallets', '(c) Copyright 2010 by http://domain.invalid/>']"
"fn.name","fn.name","['MIT']","[' Martijn Swaagman', 'Copyright (c) 2015 Arnout Kazemier']"
"forwarded","forwarded","['MIT']","['Copyright (c) 2014-2017 Douglas Christopher Wilson']"
"fresh","fresh","['MIT']","[' Copyright (c) 2012 TJ Holowaychuk <tj@vision-media.ca>', ' Copyright (c) 2016-2017 Douglas Christopher Wilson', ' Copyright (c) 2016-2017 Douglas Christopher Wilson <doug@somethingdoug.com>', 'Copyright (c) 2012 TJ Holowaychuk']"
"function-bind","function-bind","['MIT']","['Copyright (c) 2013 Raynos']"
"get-intrinsic","get-intrinsic","['MIT']","['Copyright (c) 2020 Jordan Harband']"
"get-proto","get-proto","['MIT']","['Copyright (c) 2025 Jordan Harband']"
"github.com/DataDog/appsec-internal-go","https://github.com/DataDog/appsec-internal-go","['Apache-2.0']","[' Copyright 2022 Datadog', ' Copyright 2022-present Datadog', ' Copyright 2023-present Datadog', ' Inc.', 'Copyright 2016-present Datadog']"
"github.com/DataDog/datadog-agent/comp/core/tagger/origindetection","https://github.com/DataDog/datadog-agent/comp/core/tagger/origindetection","['Apache-2.0']","[' Inc.', 'Copyright 2016-present Datadog']"
"github.com/DataDog/datadog-agent/pkg/obfuscate","https://github.com/DataDog/datadog-agent/pkg/obfuscate","['Apache-2.0']","[' Copyright 2016-present Datadog', ' Inc.', 'Copyright 2010 The Go Authors']"
"github.com/DataDog/datadog-agent/pkg/proto","https://github.com/DataDog/datadog-agent/pkg/proto","['Apache-2.0']","[' Copyright 2008 Google Inc.', ' Copyright 2016 Michal Witkowski', ' Copyright 2016-2020 Datadog', ' Copyright 2016-present Datadog', ' Copyright 2018 Google LLC.', ' Copyright 2022-present Datadog', ' Google Inc.', ' Inc.', 'Copyright (c) 2015']"
"github.com/DataDog/datadog-agent/pkg/remoteconfig/state","https://github.com/DataDog/datadog-agent/pkg/remoteconfig/state","['Apache-2.0']","[' Copyright 2022-present Datadog', ' Copyright 2023-present Datadog', ' Copyright 2025-present Datadog', ' Inc.', 'Copyright 2016-present Datadog']"
"github.com/DataDog/datadog-agent/pkg/trace","https://github.com/DataDog/datadog-agent/pkg/trace","['Apache-2.0']","[' Copyright 2016-present Datadog', ' Copyright 2022-present Datadog', ' Copyright 2023-present Datadog', ' Inc.', 'Copyright 2016-2020 Datadog']"
"github.com/DataDog/datadog-agent/pkg/util/log","https://github.com/DataDog/datadog-agent/pkg/util/log","['Apache-2.0']","[' Copyright 2021-present Datadog', ' Inc.', 'Copyright 2016-present Datadog']"
"github.com/DataDog/datadog-agent/pkg/util/scrubber","https://github.com/DataDog/datadog-agent/pkg/util/scrubber","['Apache-2.0']","[' Inc.', 'Copyright 2016-present Datadog']"
"github.com/DataDog/datadog-agent/pkg/version","https://github.com/DataDog/datadog-agent/pkg/version","['Apache-2.0']","[' Inc.', 'Copyright 2016-present Datadog']"
"github.com/DataDog/datadog-go/v5","https://github.com/DataDog/datadog-go/v5","[]","[]"
"github.com/DataDog/dd-trace-go/contrib/net/http/v2","https://github.com/DataDog/dd-trace-go/contrib/net/http/v2","['Apache-2.0 AND (Apache-2.0 OR BSD-3-Clause) AND BSD-3-Clause']","[' Copyright 2016 Datadog', ' Copyright 2023-present Datadog', ' Copyright 2025 Datadog', ' Datadog <info@datadoghq.com>', ' Inc.', 'Copyright (c) 2016-Present']"
"github.com/DataDog/dd-trace-go/contrib/sirupsen/logrus/v2","https://github.com/DataDog/dd-trace-go/contrib/sirupsen/logrus/v2","['Apache-2.0 AND (Apache-2.0 OR BSD-3-Clause) AND BSD-3-Clause']","[' Copyright 2016 Datadog', ' Copyright 2022 Datadog', ' Copyright 2023-present Datadog', ' Datadog <info@datadoghq.com>', ' Inc.', 'Copyright (c) 2016-Present']"
"github.com/DataDog/dd-trace-go/v2","https://github.com/DataDog/dd-trace-go/v2","['Apache-2.0 AND BSD-3-Clause']","[' (c) 2021 Datadog <info@datadoghq.com>', ' Copyright (c) 2016-Present', ' Copyright 2016 Datadog', ' Copyright 2016-Present Datadog', ' Copyright 2016-present Datadog', ' Copyright 2021 Datadog', ' Copyright 2022 Datadog', ' Copyright 2023 Datadog', ' Copyright 2023-present Datadog', ' Copyright 2024 Datadog', ' Copyright 2025 Datadog', ' Datadog <info@datadoghq.com>', ' Inc.', '(c) 2009 The Go Authors']"
"github.com/DataDog/go-libddwaf/v4","https://github.com/DataDog/go-libddwaf/v4","['Apache-2.0']","[' Copyright 2021 Datadog', ' Copyright 2022 Datadog', ' Copyright 2024 Datadog', ' Inc.', 'Copyright 2016-present Datadog']"
"github.com/DataDog/go-runtime-metrics-internal","https://github.com/DataDog/go-runtime-metrics-internal","['Apache-2.0 AND BSD-2-Clause AND BSD-3-Clause AND MIT']","[' (c) 2010-2013 Gustavo Niemeyer <gustavo@niemeyer.net>', ' (c) 2011-2019 Canonical Ltd', ' (c) 2012-2016 Dave Collins <dave@davec.name>', ' Copyright (c) 2006-2011 Kirill Simonov', ' Copyright (c) 2012-2020 Mat Ryer', ' Copyright (c) 2013', ' Copyright 2024-2024 Datadog', ' Inc.', ' Patrick Mezard', ' Tyler Bunnell and contributors', '(c) 2006-2010 Kirill Simonov']"
"github.com/DataDog/go-sqllexer","https://github.com/DataDog/go-sqllexer","['MIT']","[' Inc.', 'Copyright (c) 2023 Datadog']"
"github.com/DataDog/go-tuf","https://github.com/DataDog/go-tuf","['BSD-3-Clause']","[' Copyright (c) 2010', ' Copyright (c) 2014-2020 Prime Directive', ' Copyright 2012 - 2023', ' Inc.', ' Justin Samuel and Justin Cappos', ' New York University and the TUF contributors', ' The Tor Project', 'Copyright (c) 2008']"
"github.com/DataDog/opentelemetry-mapping-go/pkg/otlp/attributes","https://github.com/DataDog/opentelemetry-mapping-go/pkg/otlp/attributes","['Apache-2.0']","[' Copyright 2022-present Datadog', ' Copyright OpenTelemetry Authors', ' Inc.', 'Copyright 2016-present Datadog']"
"github.com/DataDog/sketches-go","https://github.com/DataDog/sketches-go","['Apache-2.0']","[' Inc.', 'Copyright 2021 Datadog']"
"github.com/Masterminds/semver/v3","https://github.com/Masterminds/semver/v3","['MIT']","[]"
"github.com/Microsoft/go-winio","https://github.com/Microsoft/go-winio","['MIT']","[' Copyright 2013 The Go Authors', 'Copyright (c) 2015 Microsoft']"
"github.com/cespare/xxhash/v2","https://github.com/cespare/xxhash/v2","['MIT']","['Copyright (c) 2016 Caleb Spare']"
"github.com/cihub/seelog","https://github.com/cihub/seelog","['BSD-2-Clause AND BSD-3-Clause']","[' Cloud Instruments Co.', ' Copyright (c) 2012', ' Copyright (c) 2013 - Cloud Instruments Co.', ' Copyright (c) 2014 - Cloud Instruments Co.', ' Ltd.', ' Ltd. <info@cin.io>', 'Copyright (c) 2012 - Cloud Instruments Co.']"
"github.com/dustin/go-humanize","https://github.com/dustin/go-humanize","['MIT']","['Copyright (c) 2005-2008 Dustin Sallings <dustin@spy.net>']"
"github.com/eapache/queue/v2","https://github.com/eapache/queue/v2","['MIT']","['Copyright (c) 2014 Evan Huus']"
"github.com/ebitengine/purego","https://github.com/ebitengine/purego","['Apache-2.0 AND BSD-3-Clause']","[' 2023 The Ebitengine Authors', ' 2024 The Ebitengine Authors', ' Copyright 2009 The Go Authors', ' Copyright 2010 The Go Authors', ' Copyright 2011 The Go Authors', ' Copyright 2015 The Go Authors', ' Copyright 2021 The Go Authors', ' Copyright 2022 The Ebitengine Authors', ' Copyright 2023 The Ebitengine Authors', ' Copyright 2024 The Ebitengine Authors', '2022 The Ebitengine Authors']"
"github.com/go-ole/go-ole","https://github.com/go-ole/go-ole","['MIT']","[' <mattn.jp@gmail.com>', ' Copyright (c) 2016 Sebastian Schleemilch <https://github.com/itschleemilch>', 'Copyright (c) 2013-2017 Yasuhiro Matsumoto']"
"github.com/go-viper/mapstructure/v2","https://github.com/go-viper/mapstructure/v2","['MIT']","[' Copyright 2022 The Go Authors', 'Copyright (c) 2013 Mitchell Hashimoto']"
"github.com/gogo/protobuf","https://github.com/gogo/protobuf","['BSD-3-Clause']","[' Copyright (c) 2015', ' Copyright (c) 2016', ' Copyright (c) 2017', ' Copyright (c) 2018', ' Copyright (c) 2019', ' Copyright 2008 Google Inc.', ' Copyright 2010 The Go Authors', ' Copyright 2010 The Go Authors. https://github.com/golang/protobuf', ' Copyright 2011 The Go Authors', ' Copyright 2012 The Go Authors', ' Copyright 2013 The Go Authors', ' Copyright 2014 The Go Authors', ' Copyright 2015 The Go Authors', ' Copyright 2016 The Go Authors', ' Copyright 2017 The Go Authors', ' Copyright 2018 The Go Authors', ' Copyright 2019 The Go Authors', ' The GoGo Authors', 'Copyright (c) 2013']"
"github.com/golang/protobuf","https://github.com/golang/protobuf","['BSD-3-Clause']","[' Copyright 2011 The Go Authors', ' Copyright 2014 The Go Authors', ' Copyright 2015 The Go Authors', ' Copyright 2016 The Go Authors', ' Copyright 2017 The Go Authors', ' Copyright 2018 The Go Authors', ' Copyright 2019 The Go Authors', ' Copyright 2020 The Go Authors', 'Copyright 2010 The Go Authors']"
"github.com/google/uuid","https://github.com/google/uuid","['BSD-3-Clause']","[' Copyright 2016 Google Inc.', ' Copyright 2017 Google Inc.', ' Copyright 2018 Google Inc.', ' Copyright 2021 Google Inc.', ' Copyright 2023 Google Inc.', '2014 Google Inc.', 'Copyright (c) 2009']"
"github.com/json-iterator/go","https://github.com/json-iterator/go","['MIT']","['Copyright (c) 2016 json-iterator']"
"github.com/lufia/plan9stats","https://github.com/lufia/plan9stats","['BSD-3-Clause']","[' KADOTA', ' Kyohei', 'Copyright (c) 2019']"
"github.com/modern-go/concurrent","https://github.com/modern-go/concurrent","['Apache-2.0']","['modern-go']"
"github.com/modern-go/reflect2","https://github.com/modern-go/reflect2","['Apache-2.0']","['modern-go']"
"github.com/outcaste-io/ristretto","https://github.com/outcaste-io/ristretto","['Apache-2.0']","[' Copyright (c) 2019 Ewan Chou', ' Copyright 2019 Dgraph Labs', ' Copyright 2020 Dgraph Labs', ' Copyright 2020 The LevelDB-Go and Pebble Authors', ' Copyright 2021 Dgraph Labs', ' Copyright 2023 Dgraph Labs', ' Inc. and Contributors', ' eduToolbox@Bri-C GmbH', 'Copyright (c) 2014 Andreas Briese']"
"github.com/philhofer/fwd","https://github.com/philhofer/fwd","['MIT']","[' Philip Hofer', 'Copyright (c) 2014-2015']"
"github.com/pkg/errors","https://github.com/pkg/errors","['BSD-2-Clause']","[' Dave Cheney <dave@cheney.net>', 'Copyright (c) 2015']"
"github.com/planetscale/vtprotobuf","https://github.com/planetscale/vtprotobuf","['BSD-3-Clause']","[' Copyright (c) 2014 Bob Matcuk', ' Copyright (c) 2018 The Go Authors', ' Copyright (c) 2021', ' Copyright (c) 2021 PlanetScale Inc.', ' Copyright (c) 2022 PlanetScale Inc.', ' Copyright 2008 Google Inc.', ' Copyright 2019 The Go Authors', ' Copyright 2020 gRPC', ' PlanetScale Inc.', ' The GoGo Authors', 'Copyright (c) 2013']"
"github.com/power-devops/perfstat","https://github.com/power-devops/perfstat","['MIT']","[' Copyright 2020 Power-Devops.com', 'Copyright (c) 2020 Power DevOps']"
"github.com/puzpuzpuz/xsync/v3","https://github.com/puzpuzpuz/xsync/v3","['Apache-2.0 AND MIT']","[]"
"github.com/secure-systems-lab/go-securesystemslib","https://github.com/secure-systems-lab/go-securesystemslib","['MIT']","['Copyright (c) 2021 NYU Secure Systems Lab']"
"github.com/shirou/gopsutil/v4","https://github.com/shirou/gopsutil/v4","['BSD-3-Clause']","[' 1980', ' 1983', ' 1986', ' 1988', ' 1989', ' 1991', ' 1992', ' 1993', ' 1994 The Regents of the University of California', ' Copyright (c) 1992-2011 The FreeBSD Project', ' Copyright (c) 1992-2016 The FreeBSD Project', ' Copyright (c) 2009 The Go Authors', ' Copyright (c) 2010 Ed Schouten', ' Copyright (c) 2010 Ed Schouten <ed@FreeBSD.org>', ' Copyright (c) 2014', ' Copyright 2009 The Go Authors', ' Copyright 2009 The Go Authors. All rights reserved.', ' WAKAYAMA Shirou', 'Copyright (c) 1979']"
"github.com/sirupsen/logrus","https://github.com/sirupsen/logrus","['MIT']","[' Copyright (c) 2014 Simon Eskildsen', 'Copyright (c) 2012 Miki Tebeka <miki.tebeka@gmail.com>']"
"github.com/tinylib/msgp","https://github.com/tinylib/msgp","['BSD-3-Clause AND MIT']","[' 2009-2014', ' Copyright (c) 2014 Philip Hofer', ' Portions Copyright (c) 2009 The Go Authors (license at http://golang.org)', '(c) The Go Authors']"
"github.com/tklauser/go-sysconf","https://github.com/tklauser/go-sysconf","['BSD-3-Clause']","[' Copyright 2018 Tobias Klauser', ' Copyright 2021 Tobias Klauser', ' Copyright 2022 Tobias Klauser', ' Copyright 2024 Tobias Klauser', ' Tobias Klauser', 'Copyright (c) 2018-2022']"
"github.com/tklauser/numcpus","https://github.com/tklauser/numcpus","['Apache-2.0']","[' Copyright 2018-2022 Tobias Klauser', ' Copyright 2019-2020 Tobias Klauser', ' Copyright 2021 Tobias Klauser', ' Copyright 2022 Tobias Klauser', 'Copyright 2018 Tobias Klauser']"
"github.com/yusufpapurcu/wmi","https://github.com/yusufpapurcu/wmi","['MIT']","['Copyright (c) 2013 Stack Exchange']"
"go.opentelemetry.io/collector/component","go.opentelemetry.io/collector/component","['Apache-2.0']","['Copyright The OpenTelemetry Authors']"
"go.opentelemetry.io/collector/pdata","go.opentelemetry.io/collector/pdata","['Apache-2.0']","['Copyright The OpenTelemetry Authors']"
"go.opentelemetry.io/collector/pdata/pprofile","go.opentelemetry.io/collector/pdata/pprofile","['Apache-2.0']","['Copyright The OpenTelemetry Authors']"
"go.opentelemetry.io/collector/semconv","go.opentelemetry.io/collector/semconv","['Apache-2.0']","['Copyright The OpenTelemetry Authors']"
"go.opentelemetry.io/otel","go.opentelemetry.io/otel","['Apache-2.0']","['Copyright The OpenTelemetry Authors']"
"go.opentelemetry.io/otel/metric","go.opentelemetry.io/otel/metric","['Apache-2.0']","['Copyright The OpenTelemetry Authors']"
"go.opentelemetry.io/otel/trace","go.opentelemetry.io/otel/trace","['Apache-2.0']","['Copyright The OpenTelemetry Authors']"
"go.uber.org/atomic","go.uber.org/atomic","['MIT']","[' Copyright (c) 2016-2020 Uber Technologies', ' Copyright (c) 2020 Uber Technologies', ' Copyright (c) 2020- .ToYear Uber Technologies', ' Copyright (c) 2020-2022 Uber Technologies', ' Copyright (c) 2020-2023 Uber Technologies', ' Copyright (c) 2021 Uber Technologies', ' Copyright (c) 2021-2022 Uber Technologies', ' Copyright (c) 2022 Uber Technologies', ' Inc.', 'Copyright (c) 2016 Uber Technologies']"
"go.uber.org/multierr","go.uber.org/multierr","['MIT']","[' Copyright (c) 2017-2021 Uber Technologies', ' Copyright (c) 2017-2023 Uber Technologies', ' Copyright (c) 2020 Uber Technologies', ' Copyright (c) 2021 Uber Technologies', ' Copyright (c) 2023 Uber Technologies', ' Inc.', 'Copyright (c) 2017 Uber Technologies']"
"go.uber.org/zap","go.uber.org/zap","['MIT']","[' 2017 Uber Technologies', ' Copyright (c) 2016', ' Copyright (c) 2016-2017 Uber Technologies', ' Copyright (c) 2016-2022 Uber Technologies', ' Copyright (c) 2017 Uber Technologies', ' Copyright (c) 2018 Uber Technologies', ' Copyright (c) 2020 Uber Technologies', ' Copyright (c) 2021 Uber Technologies', ' Copyright (c) 2022 Uber Technologies', ' Copyright (c) 2023 Uber Technologies', ' Copyright (c) Uber Technologies', ' Inc.', 'Copyright (c) 2016 Uber Technologies']"
"golang.org/x/exp","golang.org/x/exp","['BSD-3-Clause AND LicenseRef-scancode-google-patent-license-golang']","[' Copyright 2011 The Go Authors', ' Copyright 2012 The Go Authors', ' Copyright 2013 The Go Authors', ' Copyright 2014 The Go Authors', ' Copyright 2015 The Go Authors', ' Copyright 2016 The Go Authors', ' Copyright 2017 The Go Authors', ' Copyright 2018 The Go Authors', ' Copyright 2019 The Go Authors', ' Copyright 2020 The Go Authors', ' Copyright 2021 The Go Authors', ' Copyright 2022 The Go Authors', ' Copyright 2023 The Go Authors', ' Copyright 2024 The Go Authors', ' Copyright 2025 The Go Authors', 'Copyright 2009 The Go Authors']"
"golang.org/x/mod","golang.org/x/mod","['BSD-3-Clause AND LicenseRef-scancode-google-patent-license-golang']","[' Copyright 2018 The Go Authors', ' Copyright 2019 The Go Authors', ' Copyright 2020 The Go Authors', ' Copyright 2021 The Go Authors', 'Copyright 2009 The Go Authors']"
"golang.org/x/net","golang.org/x/net","['BSD-3-Clause AND LicenseRef-scancode-google-patent-license-golang']","[' Copyright (c) 2009 Apple Inc.', ' Copyright 2009 The Go Authors', ' Copyright 2010 The Go Authors', ' Copyright 2011 The Go Authors', ' Copyright 2012 The Go Authors', ' Copyright 2013 The Go Authors', ' Copyright 2014 The Go Authors', ' Copyright 2015 The Go Authors', ' Copyright 2016 The Go Authors', ' Copyright 2017 The Go Authors', ' Copyright 2018 The Go Authors', ' Copyright 2019 The Go Authors', ' Copyright 2020 The Go Authors', ' Copyright 2021 The Go Authors', ' Copyright 2022 The Go Authors', ' Copyright 2023 The Go Authors', ' Copyright 2024 The Go Authors', ' Copyright 2025 The Go Authors', '(c) cc.fr']"
"golang.org/x/sys","golang.org/x/sys","['BSD-3-Clause AND LicenseRef-scancode-google-patent-license-golang']","[' Copyright 2009', ' Copyright 2010 The Go Authors', ' Copyright 2011 The Go Authors', ' Copyright 2012 The Go Authors', ' Copyright 2013 The Go Authors', ' Copyright 2014 The Go Authors', ' Copyright 2015 The Go Authors', ' Copyright 2016 The Go Authors', ' Copyright 2017 The Go Authors', ' Copyright 2018 The Go Authors', ' Copyright 2019 The Go Authors', ' Copyright 2020 The Go Authors', ' Copyright 2021 The Go Authors', ' Copyright 2022 The Go Authors', ' Copyright 2023 The Go Authors', ' Copyright 2024 The Go Authors', ' Copyright 2025 The Go Authors', '2010 The Go Authors', 'Copyright 2009 The Go Authors']"
"golang.org/x/text","golang.org/x/text","['BSD-3-Clause AND LicenseRef-scancode-google-patent-license-golang']","[' (c) (c) AAEE (c)', ' (c) 1/4', ' (c) AeHa (c)', ' (c) EAiE (c) A', ' (c) EeAoq (c)', ' (c) aA""AE (c) 1AE (c)', ' (c) lEEe (c) AE', ' (c) oav!A (c) AY', "" ?i'U CY A$?A CO"", ' Copyright 2009 The Go Authors', ' Copyright 2011 The Go Authors', ' Copyright 2012 The Go Authors', ' Copyright 2013 The Go Authors', ' Copyright 2014 The Go Authors', ' Copyright 2015 The Go Authors', ' Copyright 2016 The Go Authors', ' Copyright 2017 The Go Authors', ' Copyright 2018 The Go Authors', ' Copyright 2019 The Go Authors', ' Copyright 2021 The Go Authors', '(c) (c) A']"
"golang.org/x/time","golang.org/x/time","['BSD-3-Clause AND LicenseRef-scancode-google-patent-license-golang']","[' Copyright 2015 The Go Authors', ' Copyright 2022 The Go Authors', 'Copyright 2009 The Go Authors']"
"golang.org/x/xerrors","golang.org/x/xerrors","['BSD-3-Clause AND LicenseRef-scancode-google-patent-license-golang']","[' Copyright 2011 The Go Authors', ' Copyright 2012 The Go Authors', ' Copyright 2018 The Go Authors', ' Copyright 2019 The Go Authors', 'Copyright (c) 2019 The Go Authors']"
"google.golang.org/genproto/googleapis/rpc","google.golang.org/genproto/googleapis/rpc","['Apache-2.0']","['Copyright 2024 Google LLC']"
"google.golang.org/grpc","google.golang.org/grpc","['Apache-2.0']","[' Copyright 2015 The gRPC Authors', ' Copyright 2015 gRPC', ' Copyright 2015-2016 gRPC', ' Copyright 2016 The gRPC Authors', ' Copyright 2016 gRPC', ' Copyright 2017 gRPC', ' Copyright 2018 The gRPC Authors', ' Copyright 2018 gRPC', ' Copyright 2019 gRPC', ' Copyright 2020 The gRPC Authors', ' Copyright 2020 gRPC', ' Copyright 2021 gRPC', ' Copyright 2022 gRPC', ' Copyright 2023 gRPC', ' Copyright 2024 gRPC', ' Copyright 2025 gRPC', 'Copyright 2014 gRPC']"
"google.golang.org/protobuf","google.golang.org/protobuf","['BSD-3-Clause AND LicenseRef-scancode-google-patent-license-golang']","[' Copyright 2008 Google Inc.', ' Copyright 2018 The Go Authors', ' Copyright 2019 The Go Authors', ' Copyright 2020 The Go Authors', ' Copyright 2021 The Go Authors', ' Copyright 2022 The Go Authors', ' Copyright 2023 Google Inc.', ' Copyright 2023 The Go Authors', ' Copyright 2024 Google Inc.', ' Copyright 2024 The Go Authors', ' Copyright 2025 The Go Authors', ' Copyright d d d d Google Inc', ' Copyright d d d d The Go Authors', 'Copyright (c) 2018 The Go Authors']"
"gopd","gopd","['MIT']","['Copyright (c) 2022 Jordan Harband']"
"gopkg.in/ini.v1","gopkg.in/ini.v1","['Apache-2.0']","[' Copyright 2015 Unknwon', ' Copyright 2016 Unknwon', ' Copyright 2017 Unknwon', ' Copyright 2019 Unknwon', 'Copyright 2014 Unknwon']"
"gopkg.in/yaml.v3","gopkg.in/yaml.v3","['Apache-2.0']","[' Copyright (c) 2006-2011 Kirill Simonov', ' Copyright (c) 2011-2019 Canonical Ltd', ' Copyright 2011-2016 Canonical Ltd.', 'Copyright (c) 2006-2010 Kirill Simonov']"
"gunicorn","gunicorn","['MIT']","[' (c) Copyright 2009-2023', ' (c) Meebo', ' (c) Paul J. Davis <paul.joseph.davis@gmail.com>', ' Benoit Chesneau', ' Bob Ippolito', ' Copyright (c) 2005-2006', ' Copyright (c) 2007-2010', ' Copyright (c) 2008-2010', ' Copyright 2001-2005 by Vinay Sajip', ' Copyright 2007-2023 by the Sphinx team', ' Copyright 2009 Paul J. Davis <paul.joseph.davis@gmail.com>', ' Copyright 2013 Dariusz Suchojad', ' Copyright Dave Gandy 2016', ' Eventlet', ' Inc.', ' Linden Research', ' copyright 2009- s', ' copyright 2009-2023', '(c) Benoit Chesneau <benoitc@gunicorn.org> 2009-2015']"
"has-symbols","has-symbols","['MIT']","['Copyright (c) 2016 Jordan Harband']"
"hasown","hasown","['MIT']","['Copyright (c) Jordan Harband and contributors']"
"http-errors","http-errors","['MIT']","[' Copyright (c) 2014 Jonathan Ong me@jongleberry.com', ' Copyright (c) 2016 Douglas Christopher Wilson', ' Copyright (c) 2016 Douglas Christopher Wilson doug@somethingdoug.com', 'Copyright (c) 2014 Jonathan Ong']"
"iconv-lite","iconv-lite","['MIT']","[' Copyright (c) Microsoft Corporation', 'Copyright (c) 2011 Alexander Shtuchkin']"
"ignore","ignore","['MIT']","[' contributors http://kael.me', 'Copyright (c) 2013 Kael Zhang <i@kael.me> ']"
"import-in-the-middle","import-in-the-middle","['Apache-2.0 AND MIT']","[' Contributors', ' Copyright (c) 2017', ' Copyright 2021 Datadog', ' Copyright 2024 Datadog', ' Copyright 2024 Node.js contributors', ' Inc.', '(c) 2019 Bryan English']"
"inherits","inherits","['ISC']","['Copyright (c) Isaac Z. Schlueter']"
"ipaddr.js","ipaddr.js","['MIT']","['Copyright (c) 2011-2017 whitequark <whitequark@whitequark.org>']"
"is-arrayish","is-arrayish","['MIT']","['Copyright (c) 2015 JD Ballard']"
"is-stream","is-stream","['MIT']","['Copyright (c) Sindre Sorhus <sindresorhus@gmail.com> (https://sindresorhus.com)']"
"istanbul-lib-coverage","istanbul-lib-coverage","['BSD-3-Clause']","[' Copyright 2012-2015', ' Yahoo Inc.', ' Yahoo Inc. Copyrights', 'Copyright 2012-2015 Yahoo! Inc.']"
"jest-docblock","jest-docblock","['MIT']","[' Inc. and affiliates', 'Copyright (c) Meta Platforms']"
"js-yaml","js-yaml","['MIT']","['Copyright (c) 2011-2015 by Vitaly Puzrin']"
"jsep","jsep","['MIT']","[' https://ericsmekens.github.io/jsep', 'Copyright (c) 2013 Stephen Oney']"
"jsonpath-plus","jsonpath-plus","['MIT']","[' Brett Zamir', ' Mike Brevoort', ' Richard Schneider', ' Robert Krahn', ' Subbu Allamaraju', 'Copyright (c) 2011-2019 Stefan Goessner']"
"koalas","koalas","['MIT']","[' 2017', ' Brian Woodward', ' Brian Woodward (https://github.com/doowb)', ' Brian Woodward (https://github.com/doowb).', ' Copyright (c) 2017', 'Copyright (c) 2013']"
"kuler","kuler","['MIT']","['Copyright 2014 Arnout Kazemier']"
"laravel/laravel","laravel/laravel","[]","[]"
"libdatadog","libdatadog","['Apache-2.0']","[' Inc. https://www.datadoghq.com', 'Copyright 2021-Present Datadog']"
"libddwaf","libddwaf","['BSD-3-Clause OR (Apache-2.0 AND BSD-3-Clause)']","[' Copyright (c) 2021', ' Copyright 2021 Datadog', ' Copyright 2021-Present Datadog', ' Datadog <info@datadoghq.com>', ' Inc.', ' Ruby FFI project contributors', 'Copyright (c) 2008-2016']"
"limiter","limiter","['MIT']","[' Copyright (c) 2013 John Hurliman. <jhurliman@jhurliman.org>', 'Copyright (c) 2011 by John Hurliman']"
"lodash.sortby","lodash.sortby","['MIT']","[' Copyright jQuery Foundation and other contributors <https://jquery.org/>', ' DocumentCloud and Investigative Reporters & Editors', ' DocumentCloud and Investigative Reporters & Editors <http://underscorejs.org/>', ' copyright Jeremy Ashkenas', 'Copyright Jeremy Ashkenas']"
"logform","logform","['MIT']","['Copyright (c) 2017 Charlie Robbins & the Contributors']"
"logger","logger","['(BSD-2-Clause AND BSD-3-Clause AND Ruby) OR (BSD-2-Clause AND BSD-3-Clause)']","[' 2005', ' 2008', ' 2011 NAKAMURA', ' Copyright (c) 2000-2003', ' Hiroshi <nahi@ruby-lang.org>', 'Copyright (c) 1993-2013 Yukihiro Matsumoto']"
"long","long","['Apache-2.0']","[' Copyright 2009 The Closure Library Authors', ' Copyright 2020 Daniel Wirtz', 'Copyright 2009 The Closure']"
"lru-cache","lru-cache","['ISC']","['Copyright (c) 2010-2023 Isaac Z. Schlueter and Contributors']"
"math-intrinsics","math-intrinsics","['MIT']","['Copyright (c) 2024 ECMAScript Shims']"
"media-typer","media-typer","['MIT']","['Copyright (c) 2014 Douglas Christopher Wilson']"
"merge-descriptors","merge-descriptors","['MIT']","[' Copyright (c) 2014 Jonathan Ong', ' Copyright (c) 2015 Douglas Christopher Wilson', ' Copyright (c) 2015 Douglas Christopher Wilson <doug@somethingdoug.com>', 'Copyright (c) 2013 Jonathan Ong <me@jongleberry.com>']"
"methods","methods","['MIT']","[' Copyright (c) 2013-2014 TJ Holowaychuk <tj@vision-media.ca>', ' Copyright (c) 2015-2016 Douglas Christopher Wilson', ' Copyright (c) 2015-2016 Douglas Christopher Wilson <doug@somethingdoug.com>', 'Copyright (c) 2013-2014 TJ Holowaychuk']"
"mime","mime","['MIT']","[' Robert Kieffer', 'Copyright (c) 2010 Benjamin Thomas']"
"mime-db","mime-db","['MIT']","[' Copyright (c) 2014 Jonathan Ong <me@jongleberry.com>', ' Copyright (c) 2015-2022 Douglas Christopher Wilson', ' Copyright (c) 2015-2022 Douglas Christopher Wilson <doug@somethingdoug.com>', 'Copyright (c) 2014 Jonathan Ong']"
"mime-types","mime-types","['MIT']","[' Copyright (c) 2014 Jonathan Ong <me@jongleberry.com>', ' Copyright (c) 2015 Douglas Christopher Wilson', ' Copyright (c) 2015 Douglas Christopher Wilson <doug@somethingdoug.com>', 'Copyright (c) 2014 Jonathan Ong']"
"module-details-from-path","module-details-from-path","['MIT']","['Copyright (c) 2016-2025 Thomas Watson Steen']"
"ms","ms","['MIT']","[' Inc.', 'Copyright (c) 2016 Zeit']"
"msgpack","msgpack","['Apache-2.0']","[' Copyright (c) 2008-2015 Sadayuki Furuhashi', ' Copyright Author Sadayuki Furuhashi <frsyuki@gmail.com>', 'Copyright (c) 2008-2013 Sadayuki Furuhashi']"
"mustermann","mustermann","['MIT']","[' Copyright (c) 2016-2017 Zachary Scott', 'Copyright (c) 2013-2017 Konstantin Haase']"
"mutexify","mutexify","['MIT']","['Copyright (c) 2014 Mathias Buus']"
"negotiator","negotiator","['MIT']","[' Copyright (c) 2012 Isaac Z. Schlueter', ' Copyright (c) 2012-2014 Federico Romero', ' Copyright (c) 2012-2014 Isaac Z. Schlueter', ' Copyright (c) 2014 Federico Romero', ' Copyright (c) 2014-2015 Douglas Christopher Wilson', ' Copyright (c) 2015 Douglas Christopher Wilson', 'Copyright (c) 2012 Federico Romero']"
"nio4r","nio4r","['MIT OR BSD-2-Clause']","[' (c) 2011 Emanuele Giaquinta', ' 2007-2019', ' 2011-2017', ' 2011-2018', ' 2011-2020', ' 2012', ' 2013', ' 2014', ' 2015', ' 2015-2016', ' 2015-2017', ' 2016', ' 2016-2017', ' 2016-2018', ' 2016-2021', ' 2017', ' 2017-2022', ' 2018-2023', ' 2018-2024', ' 2019', ' 2019-2020', ' 2019-2023', ' 2020', ' 2020-2021', ' 2021', ' 2023', ' 2023-2024', ' Copyright', ' Copyright (c) 2007', ' Copyright (c) 2007-2019 Marc Alexander Lehmann <libev@schmorp.de>', ' Copyright (c) 2007-2020 Marc Alexander Lehmann <libev@schmorp.de>', ' Copyright (c) 2011 Tony Arcieri', ' Copyright (c) 2011-2017 Tony Arcieri', ' Copyright (c) 2019 Marc Alexander Lehmann <libev@schmorp.de>', ' Copyright (c) 2019-2020 Marc Alexander Lehmann <libev@schmorp.de>', ' by Anatol Pomozov', ' by Benoit Daloze', ' by Bernd Ahlers', ' by Boaz Segev', ' by Cedric Boutillier', ' by Charles Oliver Nutter', ' by Daniel Berger', ' by Denis Washington', ' by Dirkjan Bussink', ' by Elad Eyal', ' by Gregory Longtin', ' by Hiroshi Shibata', ' by Jean Boussier', ' by Jeffrey Martin', ' by Jesus Burgos Macia', ' by Joao Fernandes', ' by John Thornton', ' by Jun Aruga', ' by Jun Jiang', ' by Lars Kanis', ' by Logan Bowers', ' by Luis Lavena', ' by Marc Alexander Lehmann', ' by Marek Kowalcze', ' by Maxime Demolin', ' by Olle Jonsson', ' by Omer Katz', ' by Orien Madgwick', ' by Pavel Lobashov', ' by Pavel Rosicky', ' by Pedro Paiva', ' by Per Lundberg', ' by Phillip Aldridge', ' by Ravil Bayramgalin', ' by Sadayuki Furuhashi', ' by Samuel Williams', ' by Sergey Avseyev', ' by Shannon Skipper', ' by Stephen von Takach', ' by Tao Luo', ' by Thomas Dziedzic', ' by Thomas Kuntz', ' by Tiago Cardoso', ' by Tim Carey-Smith', ' by Tomoya Ishida', ' by Tony Arcieri', ' by Tsimnuj Hawj', ' by Upekshe Jayasekera', ' by Usaku Nakamura', ' by Vit Ondruch', ' by Vladimir Kochnev', ' by Zhang Kang', '(c) 2009-2015', '2008', '2009', '2009 Marc Alexander Lehmann <libev@schmorp.de>', '2010', '2011', '2011 Marc Alexander Lehmann <libev@schmorp.de>', '2012', '2013', '2013 Marc Alexander Lehmann', '2016', '2017', '2018-2020 Marc Alexander Lehmann <libecb@schmorp.de>', '2019 Marc Alexander Lehmann <libev@schmorp.de>']"
"node-addon-api","node-addon-api","['MIT']","['Copyright (c) 2017 Node.js']"
"node-gyp-build","node-gyp-build","['MIT']","['Copyright (c) 2017 Mathias Buus']"
"object-inspect","object-inspect","['MIT']","['Copyright (c) 2013 James Halliday']"
"on-finished","on-finished","['MIT']","[' Copyright (c) 2013 Jonathan Ong <me@jongleberry.com>', ' Copyright (c) 2014 Douglas Christopher Wilson', ' Copyright (c) 2014 Douglas Christopher Wilson <doug@somethingdoug.com>', 'Copyright (c) 2013 Jonathan Ong']"
"one-time","one-time","['MIT']","[' Arnout Kazemier', 'Copyright (c) 2015 Unshift.io']"
"opentracing","opentracing","['Apache-2.0']","[]"
"org.springframework.boot:spring-boot-maven-plugin","org.springframework.boot:spring-boot-maven-plugin","[]","[]"
"org.springframework.boot:spring-boot-starter-log4j2","org.springframework.boot:spring-boot-starter-log4j2","[]","[]"
"org.springframework.boot:spring-boot-starter-web","org.springframework.boot:spring-boot-starter-web","[]","[]"
"p-limit","p-limit","['MIT']","['Copyright (c) Sindre Sorhus <sindresorhus@gmail.com> (https://sindresorhus.com)']"
"parseurl","parseurl","['MIT']","[' Copyright (c) 2014 Jonathan Ong <me@jongleberry.com>', ' Copyright (c) 2014-2017 Douglas Christopher Wilson', ' Copyright (c) 2014-2017 Douglas Christopher Wilson <doug@somethingdoug.com>', 'Copyright (c) 2014 Jonathan Ong']"
"path-to-regexp","path-to-regexp","['MIT']","['Copyright (c) 2014 Blake Embrey (hello@blakeembrey.com)']"
"pprof-format","pprof-format","['MIT']","[' Copyright 2022 Datadog', ' Copyright 2022-Present Datadog', ' Inc.', 'Copyright 2022 DataDog Inc. <info@datadoghq.com>']"
"protobufjs","protobufjs","['BSD-3-Clause AND LicenseRef-scancode-protobuf']","[' Copyright (c) 2016', ' Copyright 2014', ' Daniel Wirtz', ' Google Inc.', ' daniel wirtz', '(c) 2016']"
"proxy-addr","proxy-addr","['MIT']","['Copyright (c) 2014-2016 Douglas Christopher Wilson']"
"puma","puma","['BSD-3-Clause']","[' (c) 2005', ' Copyright (c) 2011 Evan Phoenix', ' Copyright (c) 2014 Evan Phoenix', ' Copyright (c) 2017-2022 Agis Anastasopoulos', ' Copyright (c) 2019', ' Evan Phoenix', ' Zed Shaw', ' copyright Evan Phoenix and contributors', 'Copyright (c) 2005 Zed A. Shaw']"
"qs","qs","['BSD-3-Clause']","[' Nathan LaFreniere and other contributors (https://github.com/ljharb/qs/graphs/contributors)', 'Copyright (c) 2014']"
"queue-tick","queue-tick","['MIT']","['Copyright (c) 2021 Mathias Buus']"
"rack","rack","['MIT']","[' Copyright (c) 2007-2021 Leah Neukirchen <http://leahneukirchen.org/infopage.html>', ' Copyright (c) 2009-2018 Michael Fellinger <m.fellinger@gmail.com>', ' Copyright (c) Django Software Foundation and individual contributors', 'Copyright (c) 2007-2019 Leah Neukirchen <http://leahneukirchen.org/infopage.html>']"
"rack-protection","rack-protection","['MIT']","[' Copyright (c) 2015-2017 Zachary Scott', 'Copyright (c) 2011-2017 Konstantin Haase']"
"rack-session","rack-session","['MIT']","[' 2007-2008', ' 2007-2009', ' 2008', ' 2009', ' 2010', ' 2010-2011', ' 2010-2013', ' 2010-2019', ' 2011', ' 2011-2012', ' 2012', ' 2012-2015', ' 2013', ' 2014', ' 2015', ' 2016', ' 2017', ' 2018', ' 2019', ' 2019-2020', ' 2020', ' 2020-2022', ' 2020-2023', ' 2021', ' 2022', ' 2022-2023', ' Copyright', ' by Aaron Patterson', ' by Adrian Setyadi', ' by Alec Clarke', ' by Alex Speller', ' by Andrew Cole', ' by Bart de Water', ' by Charles Hornberger', ' by Daniel Roethlisberger', ' by David Runger', ' by Dillon Welch', ' by Dima Fatko', ' by Doug McInnes', ' by Francesco Rodriguez', ' by Frederick Cheung', ' by James Tucker', ' by Jamie Macey', ' by Jeremy Evans', ' by Jian Weihang', ' by John Manoogian', ' by Jon Dufresne', ' by Jordan Raine', ' by Jose Valim', ' by Joshua Peek', ' by Kir Shatrov', ' by Konstantin Haase', ' by Krzysztof Rybka', ' by Leah Neukirchen', ' by Max Cantor', ' by Michael Coyne', ' by Michael Sauter', ' by Michal Bryxi', ' by Mickael Riga', ' by Oleh Demianiuk', ' by Pavel Rosicky', ' by Philip Arndt', ' by Postmodern', ' by Rafael Mendonca Franca', ' by Ravil Bayramgalin', ' by Ryuta Kamizono', ' by Samuel Williams', ' by Santiago Pastorino', ' by Scytrin dai Kinthra', ' by Simon Chiang', ' by Timothy Elliott', ' by Vipul A M.', ' by Will Leinweber', ' by Yann Vanhalewyn', ' by Yoshiyuki Hirano', ' by Yudai Suzuki', ' by Yuichiro Kaneko', ' by Yun Huang Yong', ' by deepj', 'Copyright']"
"rackup","rackup","['MIT']","[' 2007-2009', ' 2008', ' 2009', ' 2009-2010', ' 2010', ' 2010-2016', ' 2011', ' 2011-2018', ' 2012', ' 2013', ' 2014', ' 2014-2019', ' 2015', ' 2016', ' 2017', ' 2017-2024', ' 2018', ' 2019', ' 2020-2022', ' 2021', ' 2022', ' 2022-2023', ' 2022-2024', ' 2023-2024', ' 2024', ' Copyright', ' by Aaron Patterson', ' by Aaron Pfeifer', ' by Akira Matsuda', ' by Andrew Bortz', ' by Andrew Hoglund', ' by Anurag Priyam', ' by Bas Vodde', ' by Blake Mizerany', ' by Carl Lerche', ' by David Celis', ' by Dillon Welch', ' by Genki Takiuchi', ' by Geremia Taglialatela', ' by Hal Brodigan', ' by Hrvoje Simic', ' by Igor Bochkariov', ' by James Tucker', ' by Jean Boussier', ' by Jeremy Evans', ' by Jeremy Kemper', ' by Joe Fiorini', ' by John Barnette', ' by John Sumsion', ' by Joshua Peek', ' by Julik Tarkhanov', ' by Kang Sheng', ' by Katsuhiko Yoshida', ' by Kazuya Hotta', ' by Konstantin Haase', ' by Krzysztof Rybka', ' by Leah Neukirchen', ' by Lenny Marks', ' by Loren Segal', ' by Marc-Andre Cournoyer', ' by Martin Hrdlicka', ' by Max Cantor', ' by Megan Batty', ' by Michael Fellinger', ' by Misaki Shioi', ' by Nick LaMuro', ' by Olle Jonsson', ' by Peter Wilmott', ' by Petrik de Heus', ' by Rafael Franca', ' by Richard Schneeman', ' by Ryunosuke Sato', ' by Samuel Williams', ' by Sean McGivern', ' by Sophie Deziel', ' by Stephen Paul', ' by Tadashi Saito', ' by Tim Moore', ' by Timur Batyrshin', ' by Trevor Wennblom', ' by Tsutomu Kuroda', ' by Uchio Kondo', ' by Wyatt Pan', ' by Yehuda Katz', ' by Yoshiyuki Hirano', ' by Zachary Scott', 'Copyright']"
"range-parser","range-parser","['MIT']","[' Copyright (c) 2012-2014 TJ Holowaychuk <tj@vision-media.ca>', ' Copyright (c) 2015-2016 Douglas Christopher Wilson', ' Copyright (c) 2015-2016 Douglas Christopher Wilson doug@somethingdoug.com', 'Copyright (c) 2012-2014 TJ Holowaychuk']"
"raw-body","raw-body","['MIT']","[' Copyright (c) 2013-2014 Jonathan Ong <me@jongleberry.com>', ' Copyright (c) 2014-2022 Douglas Christopher Wilson', ' Copyright (c) 2014-2022 Douglas Christopher Wilson <doug@somethingdoug.com>', 'Copyright (c) 2013-2014 Jonathan Ong']"
"readable-stream","readable-stream","['MIT']","[' Copyright Node.js contributors', ' Inc. and other Node contributors', 'Copyright Joyent']"
"retry","retry","['MIT']","['Copyright (c) 2011 Tim Koschutzki (tim@debuggable.com) Felix Geisendorfer (felix@debuggable.com)']"
"rfdc","rfdc","['MIT']","['Copyright 2019 David Mark Clements <david.mark.clements@gmail.com>']"
"ruby2_keywords","ruby2_keywords","['BSD-2-Clause OR (BSD-2-Clause AND Ruby)']","[]"
"safe-buffer","safe-buffer","['MIT']","[' Copyright (c) Feross Aboukhadijeh (http://feross.org)', 'Copyright (c) Feross Aboukhadijeh']"
"safe-stable-stringify","safe-stable-stringify","['MIT']","['Copyright (c) Ruben Bridgewater']"
"safer-buffer","safer-buffer","['MIT']","['Copyright (c) 2018 Nikita Skovoroda <chalkerx@gmail.com>']"
"semifies","semifies","['Apache-2.0']","[]"
"send","send","['MIT']","[' Copyright (c) 2014-2022 Douglas Christopher Wilson', 'Copyright (c) 2012 TJ Holowaychuk']"
"serve-static","serve-static","['MIT']","[' Copyright (c) 2011 LearnBoost', ' Copyright (c) 2011 TJ Holowaychuk', ' Copyright (c) 2014-2016 Douglas Christopher Wilson', 'Copyright (c) 2010 Sencha Inc.']"
"setprototypeof","setprototypeof","['ISC']","[' Wes Todd', 'Copyright (c) 2015']"
"shell-quote","shell-quote","['MIT']","['Copyright (c) 2013 James Halliday (mail@substack.net)']"
"side-channel","side-channel","['MIT']","['Copyright (c) 2019 Jordan Harband']"
"side-channel-list","side-channel-list","['MIT']","['Copyright (c) 2024 Jordan Harband']"
"side-channel-map","side-channel-map","['MIT']","['Copyright (c) 2024 Jordan Harband']"
"side-channel-weakmap","side-channel-weakmap","['MIT']","['Copyright (c) 2019 Jordan Harband']"
"simple-swizzle","simple-swizzle","['MIT']","['Copyright (c) 2015 Josh Junon']"
"sinatra","sinatra","['MIT']","[' 2008', ' 2009 Blake Mizerany', ' Copyright (c) 2010-2017 Konstantin Haase', ' Copyright (c) 2015-2017 Zachary Scott', 'Copyright (c) 2007']"
"source-map","source-map","['BSD-3-Clause']","[' Copyright 2009-2011 Mozilla Foundation and contributors', ' Copyright 2011 Mozilla Foundation and contributors', ' Copyright 2011 The Closure Compiler Authors', ' Copyright 2014 Mozilla Foundation and contributors', ' Mozilla Foundation and contributors', 'Copyright (c) 2009-2011']"
"stack-trace","stack-trace","['MIT']","['Copyright (c) 2011 Felix Geisendorfer (felix@debuggable.com)']"
"statuses","statuses","['MIT']","[' Copyright (c) 2014 Jonathan Ong <me@jongleberry.com>', ' Copyright (c) 2016 Douglas Christopher Wilson', ' Copyright (c) 2016 Douglas Christopher Wilson <doug@somethingdoug.com>', 'Copyright (c) 2014 Jonathan Ong']"
"string_decoder","string_decoder","['MIT']","[' Copyright Node.js contributors', ' Inc. and other Node contributors', 'Copyright Joyent']"
"structlog","structlog","['Apache-2.0 AND LicenseRef-scancode-generic-cla AND MIT']","[' Copyright (c) 2013 "" + __author', ' Copyright (c) 2013 Hynek Schlawack', ' Copyright 2013 Hynek Schlawack', 'Copyright (c) 2013']"
"text-hex","text-hex","['MIT']","['Copyright (c) 2014-2015 Arnout Kazemier <opensource@3rd-Eden.com>']"
"tilt","tilt","[]","[]"
"tlhunter-sorted-set","tlhunter-sorted-set","['MIT']","[' 2017 Akseli Palen', ' 2023 DataDog', ' Inc.', 'Copyright (c) 2014 Eli Skeggs']"
"toidentifier","toidentifier","['MIT']","[' Copyright (c) 2016 Douglas Christopher Wilson <doug@somethingdoug.com>', 'Copyright (c) 2016 Douglas Christopher Wilson']"
"triple-beam","triple-beam","['MIT']","[' Copyright (c) 2017 winstonjs', '(c) 2010 Charlie Robbins']"
"ttl-set","ttl-set","['MIT']","[]"
"type-is","type-is","['MIT']","[' Copyright (c) 2014 Jonathan Ong <me@jongleberry.com>', ' Copyright (c) 2014-2015 Douglas Christopher Wilson', ' Copyright (c) 2014-2015 Douglas Christopher Wilson <doug@somethingdoug.com>', 'Copyright (c) 2014 Jonathan Ong']"
"undici-types","undici-types","['MIT']","['Copyright (c) Matteo Collina and Undici contributors']"
"unpipe","unpipe","['MIT']","[' Copyright (c) 2015 Douglas Christopher Wilson <doug@somethingdoug.com>', 'Copyright (c) 2015 Douglas Christopher Wilson']"
"util-deprecate","util-deprecate","['MIT']","['Copyright (c) 2014 Nathan Rajlich <nathan@tootallnate.net>']"
"utils-merge","utils-merge","['MIT']","[' Copyright (c) 2013-2017 Jared Hanson < http://jaredhanson.net/ (http://jaredhanson.net/)>', 'Copyright (c) 2013-2017 Jared Hanson']"
"vary","vary","['MIT']","['Copyright (c) 2014-2017 Douglas Christopher Wilson']"
"winston","winston","['MIT']","[' Copyright (c) 2010 Charlie Robbins', '(c) 2010 Charlie Robbins']"
"winston-transport","winston-transport","['MIT']","['Copyright (c) 2015 Charlie Robbins & the contributors']"
"yocto-queue","yocto-queue","['MIT']","['Copyright (c) Sindre Sorhus <sindresorhus@gmail.com> (https://sindresorhus.com)']"

